"Step","20251214-2025-12-06-train-celeba-jem-pareto-for-demo-64 - train_CD_loss","20251214-2025-12-06-train-celeba-jem-pareto-for-demo-64 - train_CD_loss__MIN","20251214-2025-12-06-train-celeba-jem-pareto-for-demo-64 - train_CD_loss__MAX"
"0","0.6999597549438477","0.6999597549438477","0.6999597549438477"
"1","0.39161157608032227","0.39161157608032227","0.39161157608032227"
"2","0.0844721794128418","0.0844721794128418","0.0844721794128418"
"3","0.5920438766479492","0.5920438766479492","0.5920438766479492"
"4","0.6375308036804199","0.6375308036804199","0.6375308036804199"
"6","0.06985664367675781","0.06985664367675781","0.06985664367675781"
"7","1.268913745880127","1.268913745880127","1.268913745880127"
"8","0.5219559669494629","0.5219559669494629","0.5219559669494629"
"9","-0.2651185989379883","-0.2651185989379883","-0.2651185989379883"
"10","-0.168670654296875","-0.168670654296875","-0.168670654296875"
"11","-0.3237767219543457","-0.3237767219543457","-0.3237767219543457"
"13","-0.6947283744812012","-0.6947283744812012","-0.6947283744812012"
"14","0.09824085235595703","0.09824085235595703","0.09824085235595703"
"15","0.43292236328125","0.43292236328125","0.43292236328125"
"16","0.30884790420532227","0.30884790420532227","0.30884790420532227"
"17","-0.26461362838745117","-0.26461362838745117","-0.26461362838745117"
"18","0.027523517608642578","0.027523517608642578","0.027523517608642578"
"20","0.7693185806274414","0.7693185806274414","0.7693185806274414"
"21","0.47545480728149414","0.47545480728149414","0.47545480728149414"
"22","0.8786311149597168","0.8786311149597168","0.8786311149597168"
"23","0.1782817840576172","0.1782817840576172","0.1782817840576172"
"24","0.2935476303100586","0.2935476303100586","0.2935476303100586"
"25","-0.18291997909545898","-0.18291997909545898","-0.18291997909545898"
"27","0.23257160186767578","0.23257160186767578","0.23257160186767578"
"28","-0.31430912017822266","-0.31430912017822266","-0.31430912017822266"
"29","0.08283042907714844","0.08283042907714844","0.08283042907714844"
"30","1.7124295234680176","1.7124295234680176","1.7124295234680176"
"31","0.16171026229858398","0.16171026229858398","0.16171026229858398"
"32","0.19179677963256836","0.19179677963256836","0.19179677963256836"
"34","-0.06590032577514648","-0.06590032577514648","-0.06590032577514648"
"35","-0.6042623519897461","-0.6042623519897461","-0.6042623519897461"
"36","0.4880189895629883","0.4880189895629883","0.4880189895629883"
"37","-0.7875332832336426","-0.7875332832336426","-0.7875332832336426"
"38","-0.39218711853027344","-0.39218711853027344","-0.39218711853027344"
"39","-0.6420841217041016","-0.6420841217041016","-0.6420841217041016"
"41","0.5887584686279297","0.5887584686279297","0.5887584686279297"
"42","-0.08837223052978516","-0.08837223052978516","-0.08837223052978516"
"43","0.06481409072875977","0.06481409072875977","0.06481409072875977"
"44","0.0012717247009277344","0.0012717247009277344","0.0012717247009277344"
"45","0.3712639808654785","0.3712639808654785","0.3712639808654785"
"46","0.4797205924987793","0.4797205924987793","0.4797205924987793"
"48","0.5439329147338867","0.5439329147338867","0.5439329147338867"
"49","0.4511909484863281","0.4511909484863281","0.4511909484863281"
"50","0.03432798385620117","0.03432798385620117","0.03432798385620117"
"51","1.2763400077819824","1.2763400077819824","1.2763400077819824"
"52","-0.3800368309020996","-0.3800368309020996","-0.3800368309020996"
"53","0.1159510612487793","0.1159510612487793","0.1159510612487793"
"55","-0.024965763092041016","-0.024965763092041016","-0.024965763092041016"
"56","-0.06264877319335938","-0.06264877319335938","-0.06264877319335938"
"57","0.2328023910522461","0.2328023910522461","0.2328023910522461"
"58","-0.01011514663696289","-0.01011514663696289","-0.01011514663696289"
"59","0.1913318634033203","0.1913318634033203","0.1913318634033203"
"60","0.0785832405090332","0.0785832405090332","0.0785832405090332"
"62","0.7428755760192871","0.7428755760192871","0.7428755760192871"
"63","0.020740032196044922","0.020740032196044922","0.020740032196044922"
"64","1.231508731842041","1.231508731842041","1.231508731842041"
"65","-0.08835029602050781","-0.08835029602050781","-0.08835029602050781"
"66","-0.06438779830932617","-0.06438779830932617","-0.06438779830932617"
"67","-0.4030909538269043","-0.4030909538269043","-0.4030909538269043"
"69","0.13498497009277344","0.13498497009277344","0.13498497009277344"
"70","-0.22186899185180664","-0.22186899185180664","-0.22186899185180664"
"71","0.03395652770996094","0.03395652770996094","0.03395652770996094"
"72","-0.30626964569091797","-0.30626964569091797","-0.30626964569091797"
"73","-0.06300115585327148","-0.06300115585327148","-0.06300115585327148"
"74","0.666435718536377","0.666435718536377","0.666435718536377"
"76","-0.036839962005615234","-0.036839962005615234","-0.036839962005615234"
"77","0.770115852355957","0.770115852355957","0.770115852355957"
"78","0.5320596694946289","0.5320596694946289","0.5320596694946289"
"79","0.13996124267578125","0.13996124267578125","0.13996124267578125"
"80","-0.31536149978637695","-0.31536149978637695","-0.31536149978637695"
"81","0.37419939041137695","0.37419939041137695","0.37419939041137695"
"83","0.05603170394897461","0.05603170394897461","0.05603170394897461"
"84","0.5363807678222656","0.5363807678222656","0.5363807678222656"
"85","-0.2246561050415039","-0.2246561050415039","-0.2246561050415039"
"86","0.011922836303710938","0.011922836303710938","0.011922836303710938"
"87","-0.2484750747680664","-0.2484750747680664","-0.2484750747680664"
"88","-0.3294796943664551","-0.3294796943664551","-0.3294796943664551"
"90","0.1294384002685547","0.1294384002685547","0.1294384002685547"
"91","0.0783376693725586","0.0783376693725586","0.0783376693725586"
"92","0.11560487747192383","0.11560487747192383","0.11560487747192383"
"93","0.4677619934082031","0.4677619934082031","0.4677619934082031"
"94","0.6215329170227051","0.6215329170227051","0.6215329170227051"
"95","0.21732091903686523","0.21732091903686523","0.21732091903686523"
"97","0.6019024848937988","0.6019024848937988","0.6019024848937988"
"98","0.22056293487548828","0.22056293487548828","0.22056293487548828"
"99","0.37766361236572266","0.37766361236572266","0.37766361236572266"
"100","-0.27396631240844727","-0.27396631240844727","-0.27396631240844727"
"101","0.8922696113586426","0.8922696113586426","0.8922696113586426"
"102","0.2080702781677246","0.2080702781677246","0.2080702781677246"
"104","0.23917198181152344","0.23917198181152344","0.23917198181152344"
"105","-0.00878286361694336","-0.00878286361694336","-0.00878286361694336"
"106","0.06635904312133789","0.06635904312133789","0.06635904312133789"
"107","-0.16827726364135742","-0.16827726364135742","-0.16827726364135742"
"108","0.47162914276123047","0.47162914276123047","0.47162914276123047"
"109","-0.09695816040039062","-0.09695816040039062","-0.09695816040039062"
"111","0.48415184020996094","0.48415184020996094","0.48415184020996094"
"112","0.11405467987060547","0.11405467987060547","0.11405467987060547"
"113","0.2960958480834961","0.2960958480834961","0.2960958480834961"
"114","0.35782337188720703","0.35782337188720703","0.35782337188720703"
"115","0.6959314346313477","0.6959314346313477","0.6959314346313477"
"117","-0.04703998565673828","-0.04703998565673828","-0.04703998565673828"
"118","0.8674163818359375","0.8674163818359375","0.8674163818359375"
"119","1.0292482376098633","1.0292482376098633","1.0292482376098633"
"120","0.49676990509033203","0.49676990509033203","0.49676990509033203"
"121","0.22928857803344727","0.22928857803344727","0.22928857803344727"
"122","0.38391828536987305","0.38391828536987305","0.38391828536987305"
"124","0.08906173706054688","0.08906173706054688","0.08906173706054688"
"125","0.9460582733154297","0.9460582733154297","0.9460582733154297"
"126","-0.3504447937011719","-0.3504447937011719","-0.3504447937011719"
"127","-0.3167548179626465","-0.3167548179626465","-0.3167548179626465"
"128","0.7792577743530273","0.7792577743530273","0.7792577743530273"
"129","0.8328566551208496","0.8328566551208496","0.8328566551208496"
"131","-0.07741641998291016","-0.07741641998291016","-0.07741641998291016"
"132","0.6344537734985352","0.6344537734985352","0.6344537734985352"
"133","0.46103477478027344","0.46103477478027344","0.46103477478027344"
"134","0.9904899597167969","0.9904899597167969","0.9904899597167969"
"135","-0.8405296802520752","-0.8405296802520752","-0.8405296802520752"
"136","0.23598146438598633","0.23598146438598633","0.23598146438598633"
"138","0.8188862800598145","0.8188862800598145","0.8188862800598145"
"139","0.432401180267334","0.432401180267334","0.432401180267334"
"140","1.1051421165466309","1.1051421165466309","1.1051421165466309"
"141","0.18495512008666992","0.18495512008666992","0.18495512008666992"
"142","0.8538222312927246","0.8538222312927246","0.8538222312927246"
"143","0.08533620834350586","0.08533620834350586","0.08533620834350586"
"145","0.1358811855316162","0.1358811855316162","0.1358811855316162"
"146","-0.09177041053771973","-0.09177041053771973","-0.09177041053771973"
"147","0.12906312942504883","0.12906312942504883","0.12906312942504883"
"148","0.6916155815124512","0.6916155815124512","0.6916155815124512"
"149","0.5288174152374268","0.5288174152374268","0.5288174152374268"
"150","0.13335251808166504","0.13335251808166504","0.13335251808166504"
"152","0.03928542137145996","0.03928542137145996","0.03928542137145996"
"153","0.2965731620788574","0.2965731620788574","0.2965731620788574"
"154","-0.18046259880065918","-0.18046259880065918","-0.18046259880065918"
"155","0.5991384983062744","0.5991384983062744","0.5991384983062744"
"156","0.09052133560180664","0.09052133560180664","0.09052133560180664"
"157","0.08182311058044434","0.08182311058044434","0.08182311058044434"
"159","0.23059368133544922","0.23059368133544922","0.23059368133544922"
"160","0.5970034599304199","0.5970034599304199","0.5970034599304199"
"161","0.33763670921325684","0.33763670921325684","0.33763670921325684"
"162","0.2634389400482178","0.2634389400482178","0.2634389400482178"
"163","0.4721250534057617","0.4721250534057617","0.4721250534057617"
"164","0.42417025566101074","0.42417025566101074","0.42417025566101074"
"166","-0.5247843265533447","-0.5247843265533447","-0.5247843265533447"
"167","-0.27306365966796875","-0.27306365966796875","-0.27306365966796875"
"168","-0.245927095413208","-0.245927095413208","-0.245927095413208"
"169","0.1335752010345459","0.1335752010345459","0.1335752010345459"
"170","0.9331951141357422","0.9331951141357422","0.9331951141357422"
"171","0.9424817562103271","0.9424817562103271","0.9424817562103271"
"173","0.8914620876312256","0.8914620876312256","0.8914620876312256"
"174","0.41375064849853516","0.41375064849853516","0.41375064849853516"
"175","0.20214438438415527","0.20214438438415527","0.20214438438415527"
"176","-0.16994261741638184","-0.16994261741638184","-0.16994261741638184"
"177","-0.2933497428894043","-0.2933497428894043","-0.2933497428894043"
"178","-0.5225534439086914","-0.5225534439086914","-0.5225534439086914"
"180","0.8614277839660645","0.8614277839660645","0.8614277839660645"
"181","-0.33762550354003906","-0.33762550354003906","-0.33762550354003906"
"182","-0.18080949783325195","-0.18080949783325195","-0.18080949783325195"
"183","0.7047665119171143","0.7047665119171143","0.7047665119171143"
"184","0.24681854248046875","0.24681854248046875","0.24681854248046875"
"185","0.004068136215209961","0.004068136215209961","0.004068136215209961"
"187","-0.0031342506408691406","-0.0031342506408691406","-0.0031342506408691406"
"188","0.06285786628723145","0.06285786628723145","0.06285786628723145"
"189","0.29161548614501953","0.29161548614501953","0.29161548614501953"
"190","0.07239484786987305","0.07239484786987305","0.07239484786987305"
"191","-0.29885053634643555","-0.29885053634643555","-0.29885053634643555"
"192","-0.0883336067199707","-0.0883336067199707","-0.0883336067199707"
"194","0.4071643352508545","0.4071643352508545","0.4071643352508545"
"195","0.431929349899292","0.431929349899292","0.431929349899292"
"196","0.7159302234649658","0.7159302234649658","0.7159302234649658"
"197","-0.18188238143920898","-0.18188238143920898","-0.18188238143920898"
"198","0.5718576908111572","0.5718576908111572","0.5718576908111572"
"199","0.03907895088195801","0.03907895088195801","0.03907895088195801"
"201","0.41637611389160156","0.41637611389160156","0.41637611389160156"
"202","-0.7218668460845947","-0.7218668460845947","-0.7218668460845947"
"203","-0.055856943130493164","-0.055856943130493164","-0.055856943130493164"
"204","1.3394298553466797","1.3394298553466797","1.3394298553466797"
"205","-0.020122289657592773","-0.020122289657592773","-0.020122289657592773"
"206","0.13942551612854004","0.13942551612854004","0.13942551612854004"
"208","0.2787039279937744","0.2787039279937744","0.2787039279937744"
"209","0.09682583808898926","0.09682583808898926","0.09682583808898926"
"210","0.05456948280334473","0.05456948280334473","0.05456948280334473"
"211","0.9837884902954102","0.9837884902954102","0.9837884902954102"
"212","-0.2407519817352295","-0.2407519817352295","-0.2407519817352295"
"213","-0.04765653610229492","-0.04765653610229492","-0.04765653610229492"
"215","0.2862815856933594","0.2862815856933594","0.2862815856933594"
"216","0.030897140502929688","0.030897140502929688","0.030897140502929688"
"217","-0.22373652458190918","-0.22373652458190918","-0.22373652458190918"
"218","0.33170652389526367","0.33170652389526367","0.33170652389526367"
"219","-0.10723876953125","-0.10723876953125","-0.10723876953125"
"220","-0.08223962783813477","-0.08223962783813477","-0.08223962783813477"
"222","-0.02945709228515625","-0.02945709228515625","-0.02945709228515625"
"223","-0.4197695255279541","-0.4197695255279541","-0.4197695255279541"
"224","0.1481010913848877","0.1481010913848877","0.1481010913848877"
"225","-0.08241415023803711","-0.08241415023803711","-0.08241415023803711"
"226","0.23517775535583496","0.23517775535583496","0.23517775535583496"
"227","0.08373522758483887","0.08373522758483887","0.08373522758483887"
"229","0.08539652824401855","0.08539652824401855","0.08539652824401855"
"230","-0.31629514694213867","-0.31629514694213867","-0.31629514694213867"
"231","0.1790173053741455","0.1790173053741455","0.1790173053741455"
"232","0.37535834312438965","0.37535834312438965","0.37535834312438965"
"233","0.11026167869567871","0.11026167869567871","0.11026167869567871"
"235","-0.050334930419921875","-0.050334930419921875","-0.050334930419921875"
"236","0.16294002532958984","0.16294002532958984","0.16294002532958984"
"237","0.5969183444976807","0.5969183444976807","0.5969183444976807"
"238","1.2464628219604492","1.2464628219604492","1.2464628219604492"
"239","-0.4129159450531006","-0.4129159450531006","-0.4129159450531006"
"240","0.5519475936889648","0.5519475936889648","0.5519475936889648"
"242","0.06301307678222656","0.06301307678222656","0.06301307678222656"
"243","0.44954967498779297","0.44954967498779297","0.44954967498779297"
"244","0.13449835777282715","0.13449835777282715","0.13449835777282715"
"245","1.7273154258728027","1.7273154258728027","1.7273154258728027"
"246","0.28029680252075195","0.28029680252075195","0.28029680252075195"
"247","0.9065420627593994","0.9065420627593994","0.9065420627593994"
"249","1.4712181091308594","1.4712181091308594","1.4712181091308594"
"250","0.29233622550964355","0.29233622550964355","0.29233622550964355"
"251","0.5482363700866699","0.5482363700866699","0.5482363700866699"
"252","1.371427297592163","1.371427297592163","1.371427297592163"
"253","0.22889947891235352","0.22889947891235352","0.22889947891235352"
"254","-0.14185881614685059","-0.14185881614685059","-0.14185881614685059"
"256","0.38446640968322754","0.38446640968322754","0.38446640968322754"
"257","0.1886606216430664","0.1886606216430664","0.1886606216430664"
"258","-0.15335822105407715","-0.15335822105407715","-0.15335822105407715"
"259","-0.12993717193603516","-0.12993717193603516","-0.12993717193603516"
"260","0.7599458694458008","0.7599458694458008","0.7599458694458008"
"261","-0.1625666618347168","-0.1625666618347168","-0.1625666618347168"
"263","0.18429255485534668","0.18429255485534668","0.18429255485534668"
"264","0.27128076553344727","0.27128076553344727","0.27128076553344727"
"265","-0.07518529891967773","-0.07518529891967773","-0.07518529891967773"
"266","-0.0500638484954834","-0.0500638484954834","-0.0500638484954834"
"267","0.2648930549621582","0.2648930549621582","0.2648930549621582"
"268","-0.055478811264038086","-0.055478811264038086","-0.055478811264038086"
"270","0.43189430236816406","0.43189430236816406","0.43189430236816406"
"271","0.5032339096069336","0.5032339096069336","0.5032339096069336"
"272","0.2948884963989258","0.2948884963989258","0.2948884963989258"
"273","0.3317592144012451","0.3317592144012451","0.3317592144012451"
"274","-0.33693623542785645","-0.33693623542785645","-0.33693623542785645"
"275","-0.010221481323242188","-0.010221481323242188","-0.010221481323242188"
"277","0.08444833755493164","0.08444833755493164","0.08444833755493164"
"278","0.2096238136291504","0.2096238136291504","0.2096238136291504"
"279","0.006289482116699219","0.006289482116699219","0.006289482116699219"
"280","0.15245461463928223","0.15245461463928223","0.15245461463928223"
"281","0.5747323036193848","0.5747323036193848","0.5747323036193848"
"282","0.5215060710906982","0.5215060710906982","0.5215060710906982"
"284","-0.1252152919769287","-0.1252152919769287","-0.1252152919769287"
"285","0.2550632953643799","0.2550632953643799","0.2550632953643799"
"286","-0.6326534748077393","-0.6326534748077393","-0.6326534748077393"
"287","-0.07738709449768066","-0.07738709449768066","-0.07738709449768066"
"288","0.13119912147521973","0.13119912147521973","0.13119912147521973"
"289","0.4131197929382324","0.4131197929382324","0.4131197929382324"
"291","-0.49384570121765137","-0.49384570121765137","-0.49384570121765137"
"292","-0.2872884273529053","-0.2872884273529053","-0.2872884273529053"
"293","0.2504541873931885","0.2504541873931885","0.2504541873931885"
"294","-0.11094951629638672","-0.11094951629638672","-0.11094951629638672"
"295","-0.27112269401550293","-0.27112269401550293","-0.27112269401550293"
"296","0.6861143112182617","0.6861143112182617","0.6861143112182617"
"298","0.25203704833984375","0.25203704833984375","0.25203704833984375"
"299","0.3825826644897461","0.3825826644897461","0.3825826644897461"
"300","0.0008699893951416016","0.0008699893951416016","0.0008699893951416016"
"301","-0.5224268436431885","-0.5224268436431885","-0.5224268436431885"
"302","-0.000025272369384765625","-0.000025272369384765625","-0.000025272369384765625"
"303","0.2832810878753662","0.2832810878753662","0.2832810878753662"
"305","-0.0784001350402832","-0.0784001350402832","-0.0784001350402832"
"306","0.4190809726715088","0.4190809726715088","0.4190809726715088"
"307","-0.3659827709197998","-0.3659827709197998","-0.3659827709197998"
"308","0.3935835361480713","0.3935835361480713","0.3935835361480713"
"309","-0.47495603561401367","-0.47495603561401367","-0.47495603561401367"
"310","1.0298595428466797","1.0298595428466797","1.0298595428466797"
"312","0.6605961322784424","0.6605961322784424","0.6605961322784424"
"313","-0.5288050174713135","-0.5288050174713135","-0.5288050174713135"
"314","0.5046231746673584","0.5046231746673584","0.5046231746673584"
"315","0.7153675556182861","0.7153675556182861","0.7153675556182861"
"316","1.0766222476959229","1.0766222476959229","1.0766222476959229"
"317","0.20519042015075684","0.20519042015075684","0.20519042015075684"
"319","-0.23978519439697266","-0.23978519439697266","-0.23978519439697266"
"320","0.14619183540344238","0.14619183540344238","0.14619183540344238"
"321","0.1502666473388672","0.1502666473388672","0.1502666473388672"
"322","-0.6307666301727295","-0.6307666301727295","-0.6307666301727295"
"323","0.3340160846710205","0.3340160846710205","0.3340160846710205"
"324","1.1816363334655762","1.1816363334655762","1.1816363334655762"
"326","-0.1264631748199463","-0.1264631748199463","-0.1264631748199463"
"327","-0.10974526405334473","-0.10974526405334473","-0.10974526405334473"
"328","0.16697382926940918","0.16697382926940918","0.16697382926940918"
"329","-0.27947092056274414","-0.27947092056274414","-0.27947092056274414"
"330","0.13825631141662598","0.13825631141662598","0.13825631141662598"
"331","0.822711706161499","0.822711706161499","0.822711706161499"
"333","0.18912935256958008","0.18912935256958008","0.18912935256958008"
"334","-0.0783376693725586","-0.0783376693725586","-0.0783376693725586"
"335","0.12968826293945312","0.12968826293945312","0.12968826293945312"
"336","0.5464081764221191","0.5464081764221191","0.5464081764221191"
"337","0.2070600986480713","0.2070600986480713","0.2070600986480713"
"338","0.026906967163085938","0.026906967163085938","0.026906967163085938"
"340","0.3227682113647461","0.3227682113647461","0.3227682113647461"
"341","-0.6493325233459473","-0.6493325233459473","-0.6493325233459473"
"342","-0.06452274322509766","-0.06452274322509766","-0.06452274322509766"
"343","0.5045371055603027","0.5045371055603027","0.5045371055603027"
"344","0.8062243461608887","0.8062243461608887","0.8062243461608887"
"345","-0.08640003204345703","-0.08640003204345703","-0.08640003204345703"
"347","0.7856268882751465","0.7856268882751465","0.7856268882751465"
"348","0.39983558654785156","0.39983558654785156","0.39983558654785156"
"349","0.23862075805664062","0.23862075805664062","0.23862075805664062"
"350","0.10789966583251953","0.10789966583251953","0.10789966583251953"
"351","0.6252179145812988","0.6252179145812988","0.6252179145812988"
"353","0.21103334426879883","0.21103334426879883","0.21103334426879883"
"354","-0.21160411834716797","-0.21160411834716797","-0.21160411834716797"
"355","-0.22989416122436523","-0.22989416122436523","-0.22989416122436523"
"356","-0.19783782958984375","-0.19783782958984375","-0.19783782958984375"
"357","-0.19237232208251953","-0.19237232208251953","-0.19237232208251953"
"358","1.0266971588134766","1.0266971588134766","1.0266971588134766"
"360","0.3795013427734375","0.3795013427734375","0.3795013427734375"
"361","0.011254310607910156","0.011254310607910156","0.011254310607910156"
"362","0.17096185684204102","0.17096185684204102","0.17096185684204102"
"363","0.8053069114685059","0.8053069114685059","0.8053069114685059"
"364","0.5040044784545898","0.5040044784545898","0.5040044784545898"
"365","0.12359189987182617","0.12359189987182617","0.12359189987182617"
"367","0.14651250839233398","0.14651250839233398","0.14651250839233398"
"368","0.6327686309814453","0.6327686309814453","0.6327686309814453"
"369","0.22719478607177734","0.22719478607177734","0.22719478607177734"
"370","-0.20976638793945312","-0.20976638793945312","-0.20976638793945312"
"371","-0.14059829711914062","-0.14059829711914062","-0.14059829711914062"
"372","0.12962675094604492","0.12962675094604492","0.12962675094604492"
"374","-0.2150435447692871","-0.2150435447692871","-0.2150435447692871"
"375","0.2457733154296875","0.2457733154296875","0.2457733154296875"
"376","0.011737346649169922","0.011737346649169922","0.011737346649169922"
"377","-0.07409381866455078","-0.07409381866455078","-0.07409381866455078"
"378","0.0160980224609375","0.0160980224609375","0.0160980224609375"
"379","0.3067464828491211","0.3067464828491211","0.3067464828491211"
"381","0.5132927894592285","0.5132927894592285","0.5132927894592285"
"382","-0.012111186981201172","-0.012111186981201172","-0.012111186981201172"
"383","0.19338560104370117","0.19338560104370117","0.19338560104370117"
"384","0.6437993049621582","0.6437993049621582","0.6437993049621582"
"385","0.43191003799438477","0.43191003799438477","0.43191003799438477"
"386","0.04802370071411133","0.04802370071411133","0.04802370071411133"
"388","0.3496379852294922","0.3496379852294922","0.3496379852294922"
"389","0.12509393692016602","0.12509393692016602","0.12509393692016602"
"390","0.03316211700439453","0.03316211700439453","0.03316211700439453"
"391","1.3361434936523438","1.3361434936523438","1.3361434936523438"
"392","0.10001611709594727","0.10001611709594727","0.10001611709594727"
"393","0.4888176918029785","0.4888176918029785","0.4888176918029785"
"395","-0.043985843658447266","-0.043985843658447266","-0.043985843658447266"
"396","-0.3670635223388672","-0.3670635223388672","-0.3670635223388672"
"397","-0.11061429977416992","-0.11061429977416992","-0.11061429977416992"
"398","0.07327461242675781","0.07327461242675781","0.07327461242675781"
"399","0.08912134170532227","0.08912134170532227","0.08912134170532227"
"400","0.1438155174255371","0.1438155174255371","0.1438155174255371"
"402","0.11907243728637695","0.11907243728637695","0.11907243728637695"
"403","0.7143182754516602","0.7143182754516602","0.7143182754516602"
"404","0.22050094604492188","0.22050094604492188","0.22050094604492188"
"405","-0.024060726165771484","-0.024060726165771484","-0.024060726165771484"
"406","-0.054093360900878906","-0.054093360900878906","-0.054093360900878906"
"407","0.24320220947265625","0.24320220947265625","0.24320220947265625"
"409","-0.04677295684814453","-0.04677295684814453","-0.04677295684814453"
"410","-0.6577110290527344","-0.6577110290527344","-0.6577110290527344"
"411","-0.08241510391235352","-0.08241510391235352","-0.08241510391235352"
"412","0.2782726287841797","0.2782726287841797","0.2782726287841797"
"413","0.5193891525268555","0.5193891525268555","0.5193891525268555"
"414","-0.4584536552429199","-0.4584536552429199","-0.4584536552429199"
"416","0.4343900680541992","0.4343900680541992","0.4343900680541992"
"417","-0.2115464210510254","-0.2115464210510254","-0.2115464210510254"
"418","0.07414674758911133","0.07414674758911133","0.07414674758911133"
"419","-0.05900239944458008","-0.05900239944458008","-0.05900239944458008"
"420","-0.13939476013183594","-0.13939476013183594","-0.13939476013183594"
"421","0.1376943588256836","0.1376943588256836","0.1376943588256836"
"423","0.09285974502563477","0.09285974502563477","0.09285974502563477"
"424","0.46132659912109375","0.46132659912109375","0.46132659912109375"
"425","0.46027517318725586","0.46027517318725586","0.46027517318725586"
"426","-0.2682652473449707","-0.2682652473449707","-0.2682652473449707"
"427","0.5269169807434082","0.5269169807434082","0.5269169807434082"
"428","-0.16199398040771484","-0.16199398040771484","-0.16199398040771484"
"430","0.45211076736450195","0.45211076736450195","0.45211076736450195"
"431","0.9735841751098633","0.9735841751098633","0.9735841751098633"
"432","0.0233001708984375","0.0233001708984375","0.0233001708984375"
"433","-0.15051507949829102","-0.15051507949829102","-0.15051507949829102"
"434","0.2026500701904297","0.2026500701904297","0.2026500701904297"
"435","0.19998836517333984","0.19998836517333984","0.19998836517333984"
"437","0.36806297302246094","0.36806297302246094","0.36806297302246094"
"438","0.49534177780151367","0.49534177780151367","0.49534177780151367"
"439","-0.5568375587463379","-0.5568375587463379","-0.5568375587463379"
"440","0.6235947608947754","0.6235947608947754","0.6235947608947754"
"441","0.3570241928100586","0.3570241928100586","0.3570241928100586"
"442","0.29042577743530273","0.29042577743530273","0.29042577743530273"
"444","0.20842266082763672","0.20842266082763672","0.20842266082763672"
"445","0.32393598556518555","0.32393598556518555","0.32393598556518555"
"446","-0.25777244567871094","-0.25777244567871094","-0.25777244567871094"
"447","-0.04596757888793945","-0.04596757888793945","-0.04596757888793945"
"448","0.7031049728393555","0.7031049728393555","0.7031049728393555"
"449","0.40407371520996094","0.40407371520996094","0.40407371520996094"
"451","-0.4239997863769531","-0.4239997863769531","-0.4239997863769531"
"452","0.8228106498718262","0.8228106498718262","0.8228106498718262"
"453","-0.20645427703857422","-0.20645427703857422","-0.20645427703857422"
"454","0.3552818298339844","0.3552818298339844","0.3552818298339844"
"455","0.13412809371948242","0.13412809371948242","0.13412809371948242"
"456","0.1654520034790039","0.1654520034790039","0.1654520034790039"
"458","0.32726621627807617","0.32726621627807617","0.32726621627807617"
"459","-0.1662144660949707","-0.1662144660949707","-0.1662144660949707"
"460","0.004063129425048828","0.004063129425048828","0.004063129425048828"
"461","-0.12299251556396484","-0.12299251556396484","-0.12299251556396484"
"462","-0.27146053314208984","-0.27146053314208984","-0.27146053314208984"
"464","-0.015525341033935547","-0.015525341033935547","-0.015525341033935547"
"465","0.168853759765625","0.168853759765625","0.168853759765625"
"466","0.12652063369750977","0.12652063369750977","0.12652063369750977"
"467","0.14806222915649414","0.14806222915649414","0.14806222915649414"
"468","0.07927751541137695","0.07927751541137695","0.07927751541137695"
"469","-0.21706390380859375","-0.21706390380859375","-0.21706390380859375"
"471","0.29657411575317383","0.29657411575317383","0.29657411575317383"
"472","0.7486677169799805","0.7486677169799805","0.7486677169799805"
"473","-0.6037940979003906","-0.6037940979003906","-0.6037940979003906"
"474","0.30800724029541016","0.30800724029541016","0.30800724029541016"
"475","-0.030790328979492188","-0.030790328979492188","-0.030790328979492188"
"476","-0.10826635360717773","-0.10826635360717773","-0.10826635360717773"
"478","0.17769908905029297","0.17769908905029297","0.17769908905029297"
"479","0.523284912109375","0.523284912109375","0.523284912109375"
"480","-0.0044097900390625","-0.0044097900390625","-0.0044097900390625"
"481","0.7466802597045898","0.7466802597045898","0.7466802597045898"
"482","0.2929515838623047","0.2929515838623047","0.2929515838623047"
"483","0.25383424758911133","0.25383424758911133","0.25383424758911133"
"485","0.6463017463684082","0.6463017463684082","0.6463017463684082"
"486","-0.0785675048828125","-0.0785675048828125","-0.0785675048828125"
"487","0.23804283142089844","0.23804283142089844","0.23804283142089844"
"488","0.25499868392944336","0.25499868392944336","0.25499868392944336"
"489","-0.21287012100219727","-0.21287012100219727","-0.21287012100219727"
"490","0.057349205017089844","0.057349205017089844","0.057349205017089844"
"492","-0.028846263885498047","-0.028846263885498047","-0.028846263885498047"
"493","-0.5275802612304688","-0.5275802612304688","-0.5275802612304688"
"494","-0.3366270065307617","-0.3366270065307617","-0.3366270065307617"
"495","-0.1374988555908203","-0.1374988555908203","-0.1374988555908203"
"496","0.07669925689697266","0.07669925689697266","0.07669925689697266"
"497","-0.24351215362548828","-0.24351215362548828","-0.24351215362548828"
"499","0.411651611328125","0.411651611328125","0.411651611328125"
"500","-0.009795665740966797","-0.009795665740966797","-0.009795665740966797"
"501","0.1695394515991211","0.1695394515991211","0.1695394515991211"
"502","0.6406927108764648","0.6406927108764648","0.6406927108764648"
"503","-0.509361743927002","-0.509361743927002","-0.509361743927002"
"504","-0.027235984802246094","-0.027235984802246094","-0.027235984802246094"
"506","-0.2819480895996094","-0.2819480895996094","-0.2819480895996094"
"507","0.3154778480529785","0.3154778480529785","0.3154778480529785"
"508","0.2841153144836426","0.2841153144836426","0.2841153144836426"
"509","-0.08791399002075195","-0.08791399002075195","-0.08791399002075195"
"510","-0.1379861831665039","-0.1379861831665039","-0.1379861831665039"
"511","-0.15003585815429688","-0.15003585815429688","-0.15003585815429688"
"513","0.26940441131591797","0.26940441131591797","0.26940441131591797"
"514","0.006939888000488281","0.006939888000488281","0.006939888000488281"
"515","0.24114465713500977","0.24114465713500977","0.24114465713500977"
"516","0.178863525390625","0.178863525390625","0.178863525390625"
"517","0.5750527381896973","0.5750527381896973","0.5750527381896973"
"518","-0.5782032012939453","-0.5782032012939453","-0.5782032012939453"
"520","-0.2962489128112793","-0.2962489128112793","-0.2962489128112793"
"521","-0.21468067169189453","-0.21468067169189453","-0.21468067169189453"
"522","0.21155261993408203","0.21155261993408203","0.21155261993408203"
"523","-0.062320709228515625","-0.062320709228515625","-0.062320709228515625"
"524","0.31348609924316406","0.31348609924316406","0.31348609924316406"
"525","0.22127723693847656","0.22127723693847656","0.22127723693847656"
"527","0.16704511642456055","0.16704511642456055","0.16704511642456055"
"528","-0.003131389617919922","-0.003131389617919922","-0.003131389617919922"
"529","0.078216552734375","0.078216552734375","0.078216552734375"
"530","0.0771026611328125","0.0771026611328125","0.0771026611328125"
"531","0.8482255935668945","0.8482255935668945","0.8482255935668945"
"532","0.2479085922241211","0.2479085922241211","0.2479085922241211"
"534","-0.24012517929077148","-0.24012517929077148","-0.24012517929077148"
"535","-0.16563129425048828","-0.16563129425048828","-0.16563129425048828"
"536","-0.1288137435913086","-0.1288137435913086","-0.1288137435913086"
"537","0.5157175064086914","0.5157175064086914","0.5157175064086914"
"538","0.258974552154541","0.258974552154541","0.258974552154541"
"539","0.0034093856811523438","0.0034093856811523438","0.0034093856811523438"
"541","-0.2082386016845703","-0.2082386016845703","-0.2082386016845703"
"542","0.5545759201049805","0.5545759201049805","0.5545759201049805"
"543","-0.11194467544555664","-0.11194467544555664","-0.11194467544555664"
"544","0.060361385345458984","0.060361385345458984","0.060361385345458984"
"545","0.1329345703125","0.1329345703125","0.1329345703125"
"546","0.7820391654968262","0.7820391654968262","0.7820391654968262"
"548","-0.22099828720092773","-0.22099828720092773","-0.22099828720092773"
"549","1.1621661186218262","1.1621661186218262","1.1621661186218262"
"550","0.29068899154663086","0.29068899154663086","0.29068899154663086"
"551","0.08230829238891602","0.08230829238891602","0.08230829238891602"
"552","0.12504291534423828","0.12504291534423828","0.12504291534423828"
"553","0.22040462493896484","0.22040462493896484","0.22040462493896484"
"555","0.9088630676269531","0.9088630676269531","0.9088630676269531"
"556","0.09895086288452148","0.09895086288452148","0.09895086288452148"
"557","-0.2536802291870117","-0.2536802291870117","-0.2536802291870117"
"558","0.9107956886291504","0.9107956886291504","0.9107956886291504"
"559","-0.05347776412963867","-0.05347776412963867","-0.05347776412963867"
"560","-0.18719148635864258","-0.18719148635864258","-0.18719148635864258"
"562","-0.2897167205810547","-0.2897167205810547","-0.2897167205810547"
"563","-0.11690616607666016","-0.11690616607666016","-0.11690616607666016"
"564","-0.10249042510986328","-0.10249042510986328","-0.10249042510986328"
"565","0.01518106460571289","0.01518106460571289","0.01518106460571289"
"566","-0.260225772857666","-0.260225772857666","-0.260225772857666"
"567","0.23868465423583984","0.23868465423583984","0.23868465423583984"
"569","0.7387065887451172","0.7387065887451172","0.7387065887451172"
"570","0.36929893493652344","0.36929893493652344","0.36929893493652344"
"571","0.4576296806335449","0.4576296806335449","0.4576296806335449"
"572","0.030011653900146484","0.030011653900146484","0.030011653900146484"
"573","0.07121992111206055","0.07121992111206055","0.07121992111206055"
"574","0.3974885940551758","0.3974885940551758","0.3974885940551758"
"576","0.9506039619445801","0.9506039619445801","0.9506039619445801"
"577","-0.19035959243774414","-0.19035959243774414","-0.19035959243774414"
"578","-0.09901189804077148","-0.09901189804077148","-0.09901189804077148"
"579","0.6534805297851562","0.6534805297851562","0.6534805297851562"
"580","-0.0776376724243164","-0.0776376724243164","-0.0776376724243164"
"582","0.03448009490966797","0.03448009490966797","0.03448009490966797"
"583","0.1692352294921875","0.1692352294921875","0.1692352294921875"
"584","0.2075343132019043","0.2075343132019043","0.2075343132019043"
"585","0.08338499069213867","0.08338499069213867","0.08338499069213867"
"586","-0.17496442794799805","-0.17496442794799805","-0.17496442794799805"
"587","0.21786785125732422","0.21786785125732422","0.21786785125732422"
"589","-0.01779937744140625","-0.01779937744140625","-0.01779937744140625"
"590","0.18986177444458008","0.18986177444458008","0.18986177444458008"
"591","0.5465826988220215","0.5465826988220215","0.5465826988220215"
"592","0.2254800796508789","0.2254800796508789","0.2254800796508789"
"593","0.21655654907226562","0.21655654907226562","0.21655654907226562"
"594","0.17709636688232422","0.17709636688232422","0.17709636688232422"
"596","-0.21361637115478516","-0.21361637115478516","-0.21361637115478516"
"597","0.14339733123779297","0.14339733123779297","0.14339733123779297"
"598","0.1213526725769043","0.1213526725769043","0.1213526725769043"
"599","1.1540813446044922","1.1540813446044922","1.1540813446044922"
"600","-0.02093505859375","-0.02093505859375","-0.02093505859375"
"601","0.23965883255004883","0.23965883255004883","0.23965883255004883"
"603","0.5864782333374023","0.5864782333374023","0.5864782333374023"
"604","-0.10094022750854492","-0.10094022750854492","-0.10094022750854492"
"605","-0.12802982330322266","-0.12802982330322266","-0.12802982330322266"
"606","-0.2864704132080078","-0.2864704132080078","-0.2864704132080078"
"607","-0.44198179244995117","-0.44198179244995117","-0.44198179244995117"
"608","1.211493968963623","1.211493968963623","1.211493968963623"
"610","-0.4574894905090332","-0.4574894905090332","-0.4574894905090332"
"611","0.07867670059204102","0.07867670059204102","0.07867670059204102"
"612","0.14758586883544922","0.14758586883544922","0.14758586883544922"
"613","0.40178632736206055","0.40178632736206055","0.40178632736206055"
"614","0.3509831428527832","0.3509831428527832","0.3509831428527832"
"615","0.1594080924987793","0.1594080924987793","0.1594080924987793"
"617","0.04900550842285156","0.04900550842285156","0.04900550842285156"
"618","-0.4166536331176758","-0.4166536331176758","-0.4166536331176758"
"619","0.1031484603881836","0.1031484603881836","0.1031484603881836"
"620","0.10494041442871094","0.10494041442871094","0.10494041442871094"
"621","0.709228515625","0.709228515625","0.709228515625"
"622","0.5009803771972656","0.5009803771972656","0.5009803771972656"
"624","0.37442493438720703","0.37442493438720703","0.37442493438720703"
"625","-0.13933324813842773","-0.13933324813842773","-0.13933324813842773"
"626","0.34684324264526367","0.34684324264526367","0.34684324264526367"
"627","0.4109501838684082","0.4109501838684082","0.4109501838684082"
"628","0.6061015129089355","0.6061015129089355","0.6061015129089355"
"629","0.5838861465454102","0.5838861465454102","0.5838861465454102"
"631","0.1440434455871582","0.1440434455871582","0.1440434455871582"
"632","0.053292274475097656","0.053292274475097656","0.053292274475097656"
"633","-0.07428503036499023","-0.07428503036499023","-0.07428503036499023"
"634","-0.21926259994506836","-0.21926259994506836","-0.21926259994506836"
"635","-0.014913558959960938","-0.014913558959960938","-0.014913558959960938"
"636","-0.3254380226135254","-0.3254380226135254","-0.3254380226135254"
"638","-0.04650115966796875","-0.04650115966796875","-0.04650115966796875"
"639","0.3012676239013672","0.3012676239013672","0.3012676239013672"
"640","0.20611572265625","0.20611572265625","0.20611572265625"
"641","-0.1993885040283203","-0.1993885040283203","-0.1993885040283203"
"642","0.43596315383911133","0.43596315383911133","0.43596315383911133"
"643","-0.12645578384399414","-0.12645578384399414","-0.12645578384399414"
"645","-0.4649515151977539","-0.4649515151977539","-0.4649515151977539"
"646","0.13037347793579102","0.13037347793579102","0.13037347793579102"
"647","-0.11871623992919922","-0.11871623992919922","-0.11871623992919922"
"648","0.4572615623474121","0.4572615623474121","0.4572615623474121"
"649","0.3140578269958496","0.3140578269958496","0.3140578269958496"
"650","-0.06681346893310547","-0.06681346893310547","-0.06681346893310547"
"652","0.20328664779663086","0.20328664779663086","0.20328664779663086"
"653","0.37403154373168945","0.37403154373168945","0.37403154373168945"
"654","0.49901914596557617","0.49901914596557617","0.49901914596557617"
"655","0.7459535598754883","0.7459535598754883","0.7459535598754883"
"656","0.2759828567504883","0.2759828567504883","0.2759828567504883"
"657","-0.14655447006225586","-0.14655447006225586","-0.14655447006225586"
"659","0.07074975967407227","0.07074975967407227","0.07074975967407227"
"660","-0.08197164535522461","-0.08197164535522461","-0.08197164535522461"
"661","0.620692253112793","0.620692253112793","0.620692253112793"
"662","0.06931257247924805","0.06931257247924805","0.06931257247924805"
"663","0.17054128646850586","0.17054128646850586","0.17054128646850586"
"664","-0.03655385971069336","-0.03655385971069336","-0.03655385971069336"
"666","0.1284627914428711","0.1284627914428711","0.1284627914428711"
"667","0.5254268646240234","0.5254268646240234","0.5254268646240234"
"668","0.4070115089416504","0.4070115089416504","0.4070115089416504"
"669","-0.3093881607055664","-0.3093881607055664","-0.3093881607055664"
"670","-0.016501903533935547","-0.016501903533935547","-0.016501903533935547"
"671","-0.024844646453857422","-0.024844646453857422","-0.024844646453857422"
"673","-0.028987407684326172","-0.028987407684326172","-0.028987407684326172"
"674","-0.023713111877441406","-0.023713111877441406","-0.023713111877441406"
"675","-0.24105501174926758","-0.24105501174926758","-0.24105501174926758"
"676","0.19060182571411133","0.19060182571411133","0.19060182571411133"
"677","-0.21648931503295898","-0.21648931503295898","-0.21648931503295898"
"678","0.6881122589111328","0.6881122589111328","0.6881122589111328"
"680","0.5667510032653809","0.5667510032653809","0.5667510032653809"
"681","-0.1743474006652832","-0.1743474006652832","-0.1743474006652832"
"682","-0.24377870559692383","-0.24377870559692383","-0.24377870559692383"
"683","-0.3366851806640625","-0.3366851806640625","-0.3366851806640625"
"684","0.11199378967285156","0.11199378967285156","0.11199378967285156"
"685","0.42957067489624023","0.42957067489624023","0.42957067489624023"
"687","-0.18128538131713867","-0.18128538131713867","-0.18128538131713867"
"688","-0.4056529998779297","-0.4056529998779297","-0.4056529998779297"
"689","-0.05025005340576172","-0.05025005340576172","-0.05025005340576172"
"690","-0.10195541381835938","-0.10195541381835938","-0.10195541381835938"
"691","-0.28319311141967773","-0.28319311141967773","-0.28319311141967773"
"692","0.28953123092651367","0.28953123092651367","0.28953123092651367"
"694","0.36992311477661133","0.36992311477661133","0.36992311477661133"
"695","-0.29172611236572266","-0.29172611236572266","-0.29172611236572266"
"696","-0.2469644546508789","-0.2469644546508789","-0.2469644546508789"
"697","0.05347871780395508","0.05347871780395508","0.05347871780395508"
"698","0.19202423095703125","0.19202423095703125","0.19202423095703125"
"700","0.5612173080444336","0.5612173080444336","0.5612173080444336"
"701","-0.25584983825683594","-0.25584983825683594","-0.25584983825683594"
"702","-0.03746843338012695","-0.03746843338012695","-0.03746843338012695"
"703","0.05766487121582031","0.05766487121582031","0.05766487121582031"
"704","0.38378334045410156","0.38378334045410156","0.38378334045410156"
"705","0.5305280685424805","0.5305280685424805","0.5305280685424805"
"707","0.05715227127075195","0.05715227127075195","0.05715227127075195"
"708","-0.2032451629638672","-0.2032451629638672","-0.2032451629638672"
"709","0.057170867919921875","0.057170867919921875","0.057170867919921875"
"710","0.16515588760375977","0.16515588760375977","0.16515588760375977"
"711","-0.01066732406616211","-0.01066732406616211","-0.01066732406616211"
"712","0.2976994514465332","0.2976994514465332","0.2976994514465332"
"714","-0.12264680862426758","-0.12264680862426758","-0.12264680862426758"
"715","0.08525562286376953","0.08525562286376953","0.08525562286376953"
"716","0.15954828262329102","0.15954828262329102","0.15954828262329102"
"717","0.04829216003417969","0.04829216003417969","0.04829216003417969"
"718","0.30172252655029297","0.30172252655029297","0.30172252655029297"
"719","0.06426334381103516","0.06426334381103516","0.06426334381103516"
"721","-0.5151491165161133","-0.5151491165161133","-0.5151491165161133"
"722","-0.06775236129760742","-0.06775236129760742","-0.06775236129760742"
"723","0.5822896957397461","0.5822896957397461","0.5822896957397461"
"724","1.1867961883544922","1.1867961883544922","1.1867961883544922"
"725","-0.2680959701538086","-0.2680959701538086","-0.2680959701538086"
"726","0.13444042205810547","0.13444042205810547","0.13444042205810547"
"728","0.07384920120239258","0.07384920120239258","0.07384920120239258"
"729","0.11382675170898438","0.11382675170898438","0.11382675170898438"
"730","0.15075349807739258","0.15075349807739258","0.15075349807739258"
"731","0.17201519012451172","0.17201519012451172","0.17201519012451172"
"732","0.0879812240600586","0.0879812240600586","0.0879812240600586"
"733","0.23835134506225586","0.23835134506225586","0.23835134506225586"
"735","0.26137733459472656","0.26137733459472656","0.26137733459472656"
"736","-0.04190349578857422","-0.04190349578857422","-0.04190349578857422"
"737","0.26145362854003906","0.26145362854003906","0.26145362854003906"
"738","0.005810737609863281","0.005810737609863281","0.005810737609863281"
"739","0.0013022422790527344","0.0013022422790527344","0.0013022422790527344"
"740","0.35458898544311523","0.35458898544311523","0.35458898544311523"
"742","-0.46782636642456055","-0.46782636642456055","-0.46782636642456055"
"743","-0.09565353393554688","-0.09565353393554688","-0.09565353393554688"
"744","0.0795135498046875","0.0795135498046875","0.0795135498046875"
"745","-0.1514134407043457","-0.1514134407043457","-0.1514134407043457"
"746","-0.18354558944702148","-0.18354558944702148","-0.18354558944702148"
"747","0.6092305183410645","0.6092305183410645","0.6092305183410645"
"749","0.0774226188659668","0.0774226188659668","0.0774226188659668"
"750","-0.38452577590942383","-0.38452577590942383","-0.38452577590942383"
"751","-0.22428369522094727","-0.22428369522094727","-0.22428369522094727"
"752","0.10267496109008789","0.10267496109008789","0.10267496109008789"
"753","0.03977775573730469","0.03977775573730469","0.03977775573730469"
"754","0.05919361114501953","0.05919361114501953","0.05919361114501953"
"756","-0.2942209243774414","-0.2942209243774414","-0.2942209243774414"
"757","0.17223596572875977","0.17223596572875977","0.17223596572875977"
"758","0.05409574508666992","0.05409574508666992","0.05409574508666992"
"759","0.4630751609802246","0.4630751609802246","0.4630751609802246"
"760","0.05094337463378906","0.05094337463378906","0.05094337463378906"
"761","-0.14721250534057617","-0.14721250534057617","-0.14721250534057617"
"763","0.5498003959655762","0.5498003959655762","0.5498003959655762"
"764","0.2293543815612793","0.2293543815612793","0.2293543815612793"
"765","0.09483861923217773","0.09483861923217773","0.09483861923217773"
"766","-0.27507781982421875","-0.27507781982421875","-0.27507781982421875"
"767","-0.030121803283691406","-0.030121803283691406","-0.030121803283691406"
"768","-0.34555912017822266","-0.34555912017822266","-0.34555912017822266"
"770","-0.19610071182250977","-0.19610071182250977","-0.19610071182250977"
"771","-0.04412126541137695","-0.04412126541137695","-0.04412126541137695"
"772","0.1130528450012207","0.1130528450012207","0.1130528450012207"
"773","-0.07658147811889648","-0.07658147811889648","-0.07658147811889648"
"774","0.6107559204101562","0.6107559204101562","0.6107559204101562"
"775","-0.05760002136230469","-0.05760002136230469","-0.05760002136230469"
"777","0.10843515396118164","0.10843515396118164","0.10843515396118164"
"778","0.9655518531799316","0.9655518531799316","0.9655518531799316"
"779","-0.032903194427490234","-0.032903194427490234","-0.032903194427490234"
"780","-0.3349027633666992","-0.3349027633666992","-0.3349027633666992"
"781","0.7432212829589844","0.7432212829589844","0.7432212829589844"
"782","-0.0678548812866211","-0.0678548812866211","-0.0678548812866211"
"784","-0.18752670288085938","-0.18752670288085938","-0.18752670288085938"
"785","0.015214920043945312","0.015214920043945312","0.015214920043945312"
"786","0.06604242324829102","0.06604242324829102","0.06604242324829102"
"787","0.3800010681152344","0.3800010681152344","0.3800010681152344"
"788","-0.024150371551513672","-0.024150371551513672","-0.024150371551513672"
"789","0.5531020164489746","0.5531020164489746","0.5531020164489746"
"791","0.19416284561157227","0.19416284561157227","0.19416284561157227"
"792","0.14905786514282227","0.14905786514282227","0.14905786514282227"
"793","-0.2644062042236328","-0.2644062042236328","-0.2644062042236328"
"794","-0.4190073013305664","-0.4190073013305664","-0.4190073013305664"
"795","-0.111602783203125","-0.111602783203125","-0.111602783203125"
"796","-0.19159746170043945","-0.19159746170043945","-0.19159746170043945"
"798","-0.3423027992248535","-0.3423027992248535","-0.3423027992248535"
"799","0.07586288452148438","0.07586288452148438","0.07586288452148438"
"800","0.1728057861328125","0.1728057861328125","0.1728057861328125"
"801","-0.15943479537963867","-0.15943479537963867","-0.15943479537963867"
"802","-0.3096895217895508","-0.3096895217895508","-0.3096895217895508"
"803","-0.10648584365844727","-0.10648584365844727","-0.10648584365844727"
"805","-0.08260583877563477","-0.08260583877563477","-0.08260583877563477"
"806","-0.24715614318847656","-0.24715614318847656","-0.24715614318847656"
"807","0.6215767860412598","0.6215767860412598","0.6215767860412598"
"808","0.10227632522583008","0.10227632522583008","0.10227632522583008"
"809","0.5092868804931641","0.5092868804931641","0.5092868804931641"
"811","-0.11384391784667969","-0.11384391784667969","-0.11384391784667969"
"812","0.1740117073059082","0.1740117073059082","0.1740117073059082"
"813","-0.13484716415405273","-0.13484716415405273","-0.13484716415405273"
"814","0.1645498275756836","0.1645498275756836","0.1645498275756836"
"815","0.7173519134521484","0.7173519134521484","0.7173519134521484"
"816","0.40489864349365234","0.40489864349365234","0.40489864349365234"
"818","0.3228917121887207","0.3228917121887207","0.3228917121887207"
"819","-0.15546941757202148","-0.15546941757202148","-0.15546941757202148"
"820","-0.02118062973022461","-0.02118062973022461","-0.02118062973022461"
"821","0.4442925453186035","0.4442925453186035","0.4442925453186035"
"822","0.16622638702392578","0.16622638702392578","0.16622638702392578"
"823","-0.0997762680053711","-0.0997762680053711","-0.0997762680053711"
"825","-0.10669708251953125","-0.10669708251953125","-0.10669708251953125"
"826","0.06888341903686523","0.06888341903686523","0.06888341903686523"
"827","0.956566333770752","0.956566333770752","0.956566333770752"
"828","0.19937372207641602","0.19937372207641602","0.19937372207641602"
"829","0.04653596878051758","0.04653596878051758","0.04653596878051758"
"830","-0.047095298767089844","-0.047095298767089844","-0.047095298767089844"
"832","-0.2642707824707031","-0.2642707824707031","-0.2642707824707031"
"833","0.4475975036621094","0.4475975036621094","0.4475975036621094"
"834","0.1340169906616211","0.1340169906616211","0.1340169906616211"
"835","0.7613143920898438","0.7613143920898438","0.7613143920898438"
"836","0.36032772064208984","0.36032772064208984","0.36032772064208984"
"837","0.016413211822509766","0.016413211822509766","0.016413211822509766"
"839","0.03921079635620117","0.03921079635620117","0.03921079635620117"
"840","-0.2581634521484375","-0.2581634521484375","-0.2581634521484375"
"841","-0.14890813827514648","-0.14890813827514648","-0.14890813827514648"
"842","0.4076361656188965","0.4076361656188965","0.4076361656188965"
"843","-0.21749258041381836","-0.21749258041381836","-0.21749258041381836"
"844","-0.010857582092285156","-0.010857582092285156","-0.010857582092285156"
"846","0.05823373794555664","0.05823373794555664","0.05823373794555664"
"847","0.540553092956543","0.540553092956543","0.540553092956543"
"848","-0.28620481491088867","-0.28620481491088867","-0.28620481491088867"
"849","0.3668370246887207","0.3668370246887207","0.3668370246887207"
"850","0.4843759536743164","0.4843759536743164","0.4843759536743164"
"851","0.2885003089904785","0.2885003089904785","0.2885003089904785"
"853","0.041626930236816406","0.041626930236816406","0.041626930236816406"
"854","0.030246734619140625","0.030246734619140625","0.030246734619140625"
"855","0.844416618347168","0.844416618347168","0.844416618347168"
"856","0.5653467178344727","0.5653467178344727","0.5653467178344727"
"857","-0.35294485092163086","-0.35294485092163086","-0.35294485092163086"
"858","0.1678309440612793","0.1678309440612793","0.1678309440612793"
"860","0.2181534767150879","0.2181534767150879","0.2181534767150879"
"861","0.779818058013916","0.779818058013916","0.779818058013916"
"862","-0.2422657012939453","-0.2422657012939453","-0.2422657012939453"
"863","-0.0527644157409668","-0.0527644157409668","-0.0527644157409668"
"864","-0.12417078018188477","-0.12417078018188477","-0.12417078018188477"
"865","0.23183870315551758","0.23183870315551758","0.23183870315551758"
"867","0.3572211265563965","0.3572211265563965","0.3572211265563965"
"868","-0.1708669662475586","-0.1708669662475586","-0.1708669662475586"
"869","-0.06395149230957031","-0.06395149230957031","-0.06395149230957031"
"870","-0.24056100845336914","-0.24056100845336914","-0.24056100845336914"
"871","-0.2548375129699707","-0.2548375129699707","-0.2548375129699707"
"872","-0.1697549819946289","-0.1697549819946289","-0.1697549819946289"
"874","0.5110507011413574","0.5110507011413574","0.5110507011413574"
"875","0.23422622680664062","0.23422622680664062","0.23422622680664062"
"876","-0.23172998428344727","-0.23172998428344727","-0.23172998428344727"
"877","0.021427154541015625","0.021427154541015625","0.021427154541015625"
"878","-0.19608736038208008","-0.19608736038208008","-0.19608736038208008"
"879","0.33472251892089844","0.33472251892089844","0.33472251892089844"
"881","0.1281418800354004","0.1281418800354004","0.1281418800354004"
"882","0.18611860275268555","0.18611860275268555","0.18611860275268555"
"883","0.22043943405151367","0.22043943405151367","0.22043943405151367"
"884","0.426241397857666","0.426241397857666","0.426241397857666"
"885","0.07203054428100586","0.07203054428100586","0.07203054428100586"
"886","0.2061147689819336","0.2061147689819336","0.2061147689819336"
"888","0.054973602294921875","0.054973602294921875","0.054973602294921875"
"889","-0.007490634918212891","-0.007490634918212891","-0.007490634918212891"
"890","0.4550313949584961","0.4550313949584961","0.4550313949584961"
"891","-0.10667800903320312","-0.10667800903320312","-0.10667800903320312"
"892","0.6308865547180176","0.6308865547180176","0.6308865547180176"
"893","0.4765129089355469","0.4765129089355469","0.4765129089355469"
"895","0.766197681427002","0.766197681427002","0.766197681427002"
"896","-0.002841472625732422","-0.002841472625732422","-0.002841472625732422"
"897","0.48398637771606445","0.48398637771606445","0.48398637771606445"
"898","0.2905454635620117","0.2905454635620117","0.2905454635620117"
"899","0.17648839950561523","0.17648839950561523","0.17648839950561523"
"900","0.4216132164001465","0.4216132164001465","0.4216132164001465"
"902","0.14197874069213867","0.14197874069213867","0.14197874069213867"
"903","0.48778724670410156","0.48778724670410156","0.48778724670410156"
"904","0.20074701309204102","0.20074701309204102","0.20074701309204102"
"905","0.5932950973510742","0.5932950973510742","0.5932950973510742"
"906","-0.10345268249511719","-0.10345268249511719","-0.10345268249511719"
"907","0.42897462844848633","0.42897462844848633","0.42897462844848633"
"909","0.21854352951049805","0.21854352951049805","0.21854352951049805"
"910","0.20352983474731445","0.20352983474731445","0.20352983474731445"
"911","0.006213665008544922","0.006213665008544922","0.006213665008544922"
"912","-0.20802736282348633","-0.20802736282348633","-0.20802736282348633"
"913","0.3743772506713867","0.3743772506713867","0.3743772506713867"
"914","0.10398674011230469","0.10398674011230469","0.10398674011230469"
"916","0.17618179321289062","0.17618179321289062","0.17618179321289062"
"917","0.1906595230102539","0.1906595230102539","0.1906595230102539"
"918","-0.04761219024658203","-0.04761219024658203","-0.04761219024658203"
"919","-0.18867778778076172","-0.18867778778076172","-0.18867778778076172"
"920","-0.2633662223815918","-0.2633662223815918","-0.2633662223815918"
"921","-0.10944700241088867","-0.10944700241088867","-0.10944700241088867"
"923","-0.281649112701416","-0.281649112701416","-0.281649112701416"
"924","-0.08577823638916016","-0.08577823638916016","-0.08577823638916016"
"925","0.08513927459716797","0.08513927459716797","0.08513927459716797"
"926","0.35697364807128906","0.35697364807128906","0.35697364807128906"
"927","-0.21265888214111328","-0.21265888214111328","-0.21265888214111328"
"929","0.4268174171447754","0.4268174171447754","0.4268174171447754"
"930","-0.10123491287231445","-0.10123491287231445","-0.10123491287231445"
"931","0.21309804916381836","0.21309804916381836","0.21309804916381836"
"932","0.07130861282348633","0.07130861282348633","0.07130861282348633"
"933","0.18930578231811523","0.18930578231811523","0.18930578231811523"
"934","0.4880862236022949","0.4880862236022949","0.4880862236022949"
"936","0.23583221435546875","0.23583221435546875","0.23583221435546875"
"937","0.2458968162536621","0.2458968162536621","0.2458968162536621"
"938","0.20417308807373047","0.20417308807373047","0.20417308807373047"
"939","-0.01862049102783203","-0.01862049102783203","-0.01862049102783203"
"940","-0.23448514938354492","-0.23448514938354492","-0.23448514938354492"
"941","-0.11381006240844727","-0.11381006240844727","-0.11381006240844727"
"943","0.07012176513671875","0.07012176513671875","0.07012176513671875"
"944","0.30847644805908203","0.30847644805908203","0.30847644805908203"
"945","0.2877078056335449","0.2877078056335449","0.2877078056335449"
"946","0.2314291000366211","0.2314291000366211","0.2314291000366211"
"947","0.3044776916503906","0.3044776916503906","0.3044776916503906"
"948","0.04176950454711914","0.04176950454711914","0.04176950454711914"
"950","-0.2778902053833008","-0.2778902053833008","-0.2778902053833008"
"951","0.0873570442199707","0.0873570442199707","0.0873570442199707"
"952","0.21496343612670898","0.21496343612670898","0.21496343612670898"
"953","0.3312249183654785","0.3312249183654785","0.3312249183654785"
"954","0.12533807754516602","0.12533807754516602","0.12533807754516602"
"955","0.9130568504333496","0.9130568504333496","0.9130568504333496"
"957","0.25448179244995117","0.25448179244995117","0.25448179244995117"
"958","-0.022777557373046875","-0.022777557373046875","-0.022777557373046875"
"959","-0.005733966827392578","-0.005733966827392578","-0.005733966827392578"
"960","-0.288973331451416","-0.288973331451416","-0.288973331451416"
"961","0.7662796974182129","0.7662796974182129","0.7662796974182129"
"962","-0.18061494827270508","-0.18061494827270508","-0.18061494827270508"
"964","-0.08652448654174805","-0.08652448654174805","-0.08652448654174805"
"965","0.1406569480895996","0.1406569480895996","0.1406569480895996"
"966","-0.311643123626709","-0.311643123626709","-0.311643123626709"
"967","-0.19918012619018555","-0.19918012619018555","-0.19918012619018555"
"968","-0.32340335845947266","-0.32340335845947266","-0.32340335845947266"
"969","-0.07749795913696289","-0.07749795913696289","-0.07749795913696289"
"971","-0.24771690368652344","-0.24771690368652344","-0.24771690368652344"
"972","0.4032449722290039","0.4032449722290039","0.4032449722290039"
"973","0.08273744583129883","0.08273744583129883","0.08273744583129883"
"974","-0.08308553695678711","-0.08308553695678711","-0.08308553695678711"
"975","-0.266629695892334","-0.266629695892334","-0.266629695892334"
"976","-0.15721416473388672","-0.15721416473388672","-0.15721416473388672"
"978","0.012966632843017578","0.012966632843017578","0.012966632843017578"
"979","0.5402317047119141","0.5402317047119141","0.5402317047119141"
"980","0.5632643699645996","0.5632643699645996","0.5632643699645996"
"981","0.21276378631591797","0.21276378631591797","0.21276378631591797"
"982","0.012639999389648438","0.012639999389648438","0.012639999389648438"
"983","0.2217578887939453","0.2217578887939453","0.2217578887939453"
"985","0.18228816986083984","0.18228816986083984","0.18228816986083984"
"986","-0.17050504684448242","-0.17050504684448242","-0.17050504684448242"
"987","0.40610551834106445","0.40610551834106445","0.40610551834106445"
"988","-0.026096820831298828","-0.026096820831298828","-0.026096820831298828"
"989","-0.18928289413452148","-0.18928289413452148","-0.18928289413452148"
"990","0.2959718704223633","0.2959718704223633","0.2959718704223633"
"992","0.22111082077026367","0.22111082077026367","0.22111082077026367"
"993","0.028347015380859375","0.028347015380859375","0.028347015380859375"
"994","0.27111339569091797","0.27111339569091797","0.27111339569091797"
"995","0.692833423614502","0.692833423614502","0.692833423614502"
"996","0.20605754852294922","0.20605754852294922","0.20605754852294922"
"997","0.35768938064575195","0.35768938064575195","0.35768938064575195"
"999","0.1972789764404297","0.1972789764404297","0.1972789764404297"
"1000","0.23633480072021484","0.23633480072021484","0.23633480072021484"
"1001","0.15107965469360352","0.15107965469360352","0.15107965469360352"
"1002","0.0886387825012207","0.0886387825012207","0.0886387825012207"
"1003","-0.3410763740539551","-0.3410763740539551","-0.3410763740539551"
"1004","0.113555908203125","0.113555908203125","0.113555908203125"
"1006","-0.05825662612915039","-0.05825662612915039","-0.05825662612915039"
"1007","-0.30680084228515625","-0.30680084228515625","-0.30680084228515625"
"1008","-0.3098278045654297","-0.3098278045654297","-0.3098278045654297"
"1009","0.12531518936157227","0.12531518936157227","0.12531518936157227"
"1010","0.04086446762084961","0.04086446762084961","0.04086446762084961"
"1011","0.5031523704528809","0.5031523704528809","0.5031523704528809"
"1013","0.20655012130737305","0.20655012130737305","0.20655012130737305"
"1014","0.4005131721496582","0.4005131721496582","0.4005131721496582"
"1015","0.13371562957763672","0.13371562957763672","0.13371562957763672"
"1016","0.102020263671875","0.102020263671875","0.102020263671875"
"1017","0.17219829559326172","0.17219829559326172","0.17219829559326172"
"1018","0.7170205116271973","0.7170205116271973","0.7170205116271973"
"1020","-0.24618959426879883","-0.24618959426879883","-0.24618959426879883"
"1021","-0.03215312957763672","-0.03215312957763672","-0.03215312957763672"
"1022","-0.41500186920166016","-0.41500186920166016","-0.41500186920166016"
"1023","-0.10730934143066406","-0.10730934143066406","-0.10730934143066406"
"1024","0.31456851959228516","0.31456851959228516","0.31456851959228516"
"1025","0.7449002265930176","0.7449002265930176","0.7449002265930176"
"1027","-0.11104536056518555","-0.11104536056518555","-0.11104536056518555"
"1028","-0.12364912033081055","-0.12364912033081055","-0.12364912033081055"
"1029","0.4702882766723633","0.4702882766723633","0.4702882766723633"
"1030","0.115570068359375","0.115570068359375","0.115570068359375"
"1031","-0.5023970603942871","-0.5023970603942871","-0.5023970603942871"
"1032","-0.1437063217163086","-0.1437063217163086","-0.1437063217163086"
"1034","0.02208709716796875","0.02208709716796875","0.02208709716796875"
"1035","0.09945201873779297","0.09945201873779297","0.09945201873779297"
"1036","0.24620771408081055","0.24620771408081055","0.24620771408081055"
"1037","0.4959864616394043","0.4959864616394043","0.4959864616394043"
"1038","0.31238794326782227","0.31238794326782227","0.31238794326782227"
"1039","-0.20489740371704102","-0.20489740371704102","-0.20489740371704102"
"1041","0.04412269592285156","0.04412269592285156","0.04412269592285156"
"1042","0.2985095977783203","0.2985095977783203","0.2985095977783203"
"1043","-0.0535883903503418","-0.0535883903503418","-0.0535883903503418"
"1044","-0.16004085540771484","-0.16004085540771484","-0.16004085540771484"
"1045","-0.17585325241088867","-0.17585325241088867","-0.17585325241088867"
"1047","0.5495648384094238","0.5495648384094238","0.5495648384094238"
"1048","0.5125856399536133","0.5125856399536133","0.5125856399536133"
"1049","0.20819759368896484","0.20819759368896484","0.20819759368896484"
"1050","0.25804853439331055","0.25804853439331055","0.25804853439331055"
"1051","0.0948190689086914","0.0948190689086914","0.0948190689086914"
"1052","0.027030467987060547","0.027030467987060547","0.027030467987060547"
"1054","0.19714927673339844","0.19714927673339844","0.19714927673339844"
"1055","0.5725240707397461","0.5725240707397461","0.5725240707397461"
"1056","0.32320117950439453","0.32320117950439453","0.32320117950439453"
"1057","0.44339609146118164","0.44339609146118164","0.44339609146118164"
"1058","-0.35605812072753906","-0.35605812072753906","-0.35605812072753906"
"1059","-0.05965232849121094","-0.05965232849121094","-0.05965232849121094"
"1061","0.9381985664367676","0.9381985664367676","0.9381985664367676"
"1062","0.006962299346923828","0.006962299346923828","0.006962299346923828"
"1063","0.01046895980834961","0.01046895980834961","0.01046895980834961"
"1064","-0.10177898406982422","-0.10177898406982422","-0.10177898406982422"
"1065","0.31982994079589844","0.31982994079589844","0.31982994079589844"
"1066","0.08831262588500977","0.08831262588500977","0.08831262588500977"
"1068","0.13233423233032227","0.13233423233032227","0.13233423233032227"
"1069","-0.4965219497680664","-0.4965219497680664","-0.4965219497680664"
"1070","-0.23753023147583008","-0.23753023147583008","-0.23753023147583008"
"1071","-0.1923537254333496","-0.1923537254333496","-0.1923537254333496"
"1072","0.010852813720703125","0.010852813720703125","0.010852813720703125"
"1073","-0.03949260711669922","-0.03949260711669922","-0.03949260711669922"
"1075","0.026476383209228516","0.026476383209228516","0.026476383209228516"
"1076","0.015769004821777344","0.015769004821777344","0.015769004821777344"
"1077","-0.015666484832763672","-0.015666484832763672","-0.015666484832763672"
"1078","0.010258674621582031","0.010258674621582031","0.010258674621582031"
"1079","-0.06122446060180664","-0.06122446060180664","-0.06122446060180664"
"1080","0.37885570526123047","0.37885570526123047","0.37885570526123047"
"1082","0.030748367309570312","0.030748367309570312","0.030748367309570312"
"1083","0.34797000885009766","0.34797000885009766","0.34797000885009766"
"1084","1.0109062194824219","1.0109062194824219","1.0109062194824219"
"1085","0.26923561096191406","0.26923561096191406","0.26923561096191406"
"1086","0.2594146728515625","0.2594146728515625","0.2594146728515625"
"1087","0.5064630508422852","0.5064630508422852","0.5064630508422852"
"1089","-0.2687215805053711","-0.2687215805053711","-0.2687215805053711"
"1090","0.018772125244140625","0.018772125244140625","0.018772125244140625"
"1091","0.12294960021972656","0.12294960021972656","0.12294960021972656"
"1092","-0.1650686264038086","-0.1650686264038086","-0.1650686264038086"
"1093","0.5701045989990234","0.5701045989990234","0.5701045989990234"
"1094","0.03020000457763672","0.03020000457763672","0.03020000457763672"
"1096","0.0064105987548828125","0.0064105987548828125","0.0064105987548828125"
"1097","-0.1493997573852539","-0.1493997573852539","-0.1493997573852539"
"1098","0.23964977264404297","0.23964977264404297","0.23964977264404297"
"1099","-0.1820383071899414","-0.1820383071899414","-0.1820383071899414"
"1100","-0.17642879486083984","-0.17642879486083984","-0.17642879486083984"
"1101","0.4405832290649414","0.4405832290649414","0.4405832290649414"
"1103","0.17984294891357422","0.17984294891357422","0.17984294891357422"
"1104","0.08809661865234375","0.08809661865234375","0.08809661865234375"
"1105","0.29388999938964844","0.29388999938964844","0.29388999938964844"
"1106","0.21392154693603516","0.21392154693603516","0.21392154693603516"
"1107","-0.14127540588378906","-0.14127540588378906","-0.14127540588378906"
"1108","0.2190542221069336","0.2190542221069336","0.2190542221069336"
"1110","0.1655569076538086","0.1655569076538086","0.1655569076538086"
"1111","0.5188713073730469","0.5188713073730469","0.5188713073730469"
"1112","0.3621330261230469","0.3621330261230469","0.3621330261230469"
"1113","-0.15821552276611328","-0.15821552276611328","-0.15821552276611328"
"1114","0.5475950241088867","0.5475950241088867","0.5475950241088867"
"1115","0.019659996032714844","0.019659996032714844","0.019659996032714844"
"1117","-0.2096548080444336","-0.2096548080444336","-0.2096548080444336"
"1118","0.1833515167236328","0.1833515167236328","0.1833515167236328"
"1119","-0.1164865493774414","-0.1164865493774414","-0.1164865493774414"
"1120","0.3607139587402344","0.3607139587402344","0.3607139587402344"
"1121","0.2935333251953125","0.2935333251953125","0.2935333251953125"
"1122","-0.3216400146484375","-0.3216400146484375","-0.3216400146484375"
"1124","0.17236900329589844","0.17236900329589844","0.17236900329589844"
"1125","0.5743923187255859","0.5743923187255859","0.5743923187255859"
"1126","0.4743194580078125","0.4743194580078125","0.4743194580078125"
"1127","0.24214553833007812","0.24214553833007812","0.24214553833007812"
"1128","0.07927227020263672","0.07927227020263672","0.07927227020263672"
"1129","-0.15009307861328125","-0.15009307861328125","-0.15009307861328125"
"1131","0.009889602661132812","0.009889602661132812","0.009889602661132812"
"1132","0.15999126434326172","0.15999126434326172","0.15999126434326172"
"1133","0.3329792022705078","0.3329792022705078","0.3329792022705078"
"1134","0.5069341659545898","0.5069341659545898","0.5069341659545898"
"1135","0.05309581756591797","0.05309581756591797","0.05309581756591797"
"1136","-0.32419776916503906","-0.32419776916503906","-0.32419776916503906"
"1138","0.1539630889892578","0.1539630889892578","0.1539630889892578"
"1139","0.3160533905029297","0.3160533905029297","0.3160533905029297"
"1140","0.6846542358398438","0.6846542358398438","0.6846542358398438"
"1141","0.37171459197998047","0.37171459197998047","0.37171459197998047"
"1142","-0.1608562469482422","-0.1608562469482422","-0.1608562469482422"
"1143","0.14190006256103516","0.14190006256103516","0.14190006256103516"
"1145","-0.09044456481933594","-0.09044456481933594","-0.09044456481933594"
"1146","0.30054473876953125","0.30054473876953125","0.30054473876953125"
"1147","0.1909494400024414","0.1909494400024414","0.1909494400024414"
"1148","-0.2098703384399414","-0.2098703384399414","-0.2098703384399414"
"1149","0.4752492904663086","0.4752492904663086","0.4752492904663086"
"1150","-0.12905025482177734","-0.12905025482177734","-0.12905025482177734"
"1152","-0.14249706268310547","-0.14249706268310547","-0.14249706268310547"
"1153","0.17630863189697266","0.17630863189697266","0.17630863189697266"
"1154","-0.03845977783203125","-0.03845977783203125","-0.03845977783203125"
"1155","-0.042774200439453125","-0.042774200439453125","-0.042774200439453125"
"1156","0.31217384338378906","0.31217384338378906","0.31217384338378906"
"1158","0.5235147476196289","0.5235147476196289","0.5235147476196289"
"1159","0.09881305694580078","0.09881305694580078","0.09881305694580078"
"1160","-0.29589366912841797","-0.29589366912841797","-0.29589366912841797"
"1161","0.4692831039428711","0.4692831039428711","0.4692831039428711"
"1162","0.24794578552246094","0.24794578552246094","0.24794578552246094"
"1163","-0.16910552978515625","-0.16910552978515625","-0.16910552978515625"
"1165","-0.04731559753417969","-0.04731559753417969","-0.04731559753417969"
"1166","0.024298667907714844","0.024298667907714844","0.024298667907714844"
"1167","0.1970071792602539","0.1970071792602539","0.1970071792602539"
"1168","0.05664825439453125","0.05664825439453125","0.05664825439453125"
"1169","0.11358928680419922","0.11358928680419922","0.11358928680419922"
"1170","-0.17914485931396484","-0.17914485931396484","-0.17914485931396484"
"1172","0.3759584426879883","0.3759584426879883","0.3759584426879883"
"1173","0.08297157287597656","0.08297157287597656","0.08297157287597656"
"1174","-0.2417430877685547","-0.2417430877685547","-0.2417430877685547"
"1175","0.46593570709228516","0.46593570709228516","0.46593570709228516"
"1176","-0.1255168914794922","-0.1255168914794922","-0.1255168914794922"
"1177","-0.004515647888183594","-0.004515647888183594","-0.004515647888183594"
"1179","0.3204660415649414","0.3204660415649414","0.3204660415649414"
"1180","-0.12000370025634766","-0.12000370025634766","-0.12000370025634766"
"1181","0.16259002685546875","0.16259002685546875","0.16259002685546875"
"1182","-0.21651840209960938","-0.21651840209960938","-0.21651840209960938"
"1183","0.06843280792236328","0.06843280792236328","0.06843280792236328"
"1184","0.33838939666748047","0.33838939666748047","0.33838939666748047"
"1186","0.15848541259765625","0.15848541259765625","0.15848541259765625"
"1187","-0.1925067901611328","-0.1925067901611328","-0.1925067901611328"
"1188","-0.13004779815673828","-0.13004779815673828","-0.13004779815673828"
"1189","-0.19465160369873047","-0.19465160369873047","-0.19465160369873047"
"1190","-0.008906364440917969","-0.008906364440917969","-0.008906364440917969"
"1191","0.07667922973632812","0.07667922973632812","0.07667922973632812"
"1193","0.24192333221435547","0.24192333221435547","0.24192333221435547"
"1194","0.5097837448120117","0.5097837448120117","0.5097837448120117"
"1195","0.3626737594604492","0.3626737594604492","0.3626737594604492"
"1196","-0.016965866088867188","-0.016965866088867188","-0.016965866088867188"
"1197","-0.24010753631591797","-0.24010753631591797","-0.24010753631591797"
"1198","0.4492483139038086","0.4492483139038086","0.4492483139038086"
"1200","-0.13642120361328125","-0.13642120361328125","-0.13642120361328125"
"1201","0.1780843734741211","0.1780843734741211","0.1780843734741211"
"1202","-0.055420875549316406","-0.055420875549316406","-0.055420875549316406"
"1203","0.02501201629638672","0.02501201629638672","0.02501201629638672"
"1204","-0.278228759765625","-0.278228759765625","-0.278228759765625"
"1205","-0.033326148986816406","-0.033326148986816406","-0.033326148986816406"
"1207","-0.2094259262084961","-0.2094259262084961","-0.2094259262084961"
"1208","-0.24415206909179688","-0.24415206909179688","-0.24415206909179688"
"1209","-0.10933208465576172","-0.10933208465576172","-0.10933208465576172"
"1210","-0.1068105697631836","-0.1068105697631836","-0.1068105697631836"
"1211","-0.11802101135253906","-0.11802101135253906","-0.11802101135253906"
"1212","0.20911121368408203","0.20911121368408203","0.20911121368408203"
"1214","0.26331043243408203","0.26331043243408203","0.26331043243408203"
"1215","-0.23180103302001953","-0.23180103302001953","-0.23180103302001953"
"1216","0.22357749938964844","0.22357749938964844","0.22357749938964844"
"1217","0.4150094985961914","0.4150094985961914","0.4150094985961914"
"1218","-0.06741905212402344","-0.06741905212402344","-0.06741905212402344"
"1219","0.19556140899658203","0.19556140899658203","0.19556140899658203"
"1221","-0.2674884796142578","-0.2674884796142578","-0.2674884796142578"
"1222","0.7821769714355469","0.7821769714355469","0.7821769714355469"
"1223","-0.1886310577392578","-0.1886310577392578","-0.1886310577392578"
"1224","0.4509429931640625","0.4509429931640625","0.4509429931640625"
"1225","0.2534046173095703","0.2534046173095703","0.2534046173095703"
"1226","0.4245634078979492","0.4245634078979492","0.4245634078979492"
"1228","0.308258056640625","0.308258056640625","0.308258056640625"
"1229","0.3428010940551758","0.3428010940551758","0.3428010940551758"
"1230","0.13380813598632812","0.13380813598632812","0.13380813598632812"
"1231","0.2935352325439453","0.2935352325439453","0.2935352325439453"
"1232","0.042586326599121094","0.042586326599121094","0.042586326599121094"
"1233","0.39681434631347656","0.39681434631347656","0.39681434631347656"
"1235","0.43367671966552734","0.43367671966552734","0.43367671966552734"
"1236","0.03125572204589844","0.03125572204589844","0.03125572204589844"
"1237","-0.21249771118164062","-0.21249771118164062","-0.21249771118164062"
"1238","0.15834712982177734","0.15834712982177734","0.15834712982177734"
"1239","-0.14941024780273438","-0.14941024780273438","-0.14941024780273438"
"1240","0.3937540054321289","0.3937540054321289","0.3937540054321289"
"1242","0.11618518829345703","0.11618518829345703","0.11618518829345703"
"1243","0.06674861907958984","0.06674861907958984","0.06674861907958984"
"1244","-0.040404319763183594","-0.040404319763183594","-0.040404319763183594"
"1245","0.12222099304199219","0.12222099304199219","0.12222099304199219"
"1246","0.2015361785888672","0.2015361785888672","0.2015361785888672"
"1247","-0.1498422622680664","-0.1498422622680664","-0.1498422622680664"
"1249","0.5965824127197266","0.5965824127197266","0.5965824127197266"
"1250","-0.4139823913574219","-0.4139823913574219","-0.4139823913574219"
"1251","-0.1768646240234375","-0.1768646240234375","-0.1768646240234375"
"1252","0.14521121978759766","0.14521121978759766","0.14521121978759766"
"1253","-0.04259300231933594","-0.04259300231933594","-0.04259300231933594"
"1254","-0.45866870880126953","-0.45866870880126953","-0.45866870880126953"
"1256","-0.31811046600341797","-0.31811046600341797","-0.31811046600341797"
"1257","0.7875947952270508","0.7875947952270508","0.7875947952270508"
"1258","0.06727981567382812","0.06727981567382812","0.06727981567382812"
"1259","0.08434486389160156","0.08434486389160156","0.08434486389160156"
"1260","-0.1638946533203125","-0.1638946533203125","-0.1638946533203125"
"1261","0.3563833236694336","0.3563833236694336","0.3563833236694336"
"1263","0.18997955322265625","0.18997955322265625","0.18997955322265625"
"1264","0.7578811645507812","0.7578811645507812","0.7578811645507812"
"1265","-0.07875633239746094","-0.07875633239746094","-0.07875633239746094"
"1266","-0.06434440612792969","-0.06434440612792969","-0.06434440612792969"
"1267","0.08384513854980469","0.08384513854980469","0.08384513854980469"
"1268","0.2922172546386719","0.2922172546386719","0.2922172546386719"
"1270","0.16289806365966797","0.16289806365966797","0.16289806365966797"
"1271","0.02100086212158203","0.02100086212158203","0.02100086212158203"
"1272","0.27221202850341797","0.27221202850341797","0.27221202850341797"
"1273","-0.02562427520751953","-0.02562427520751953","-0.02562427520751953"
"1274","0.7094688415527344","0.7094688415527344","0.7094688415527344"
"1276","0.47194480895996094","0.47194480895996094","0.47194480895996094"
"1277","-0.13344097137451172","-0.13344097137451172","-0.13344097137451172"
"1278","0.10395336151123047","0.10395336151123047","0.10395336151123047"
"1279","0.32555580139160156","0.32555580139160156","0.32555580139160156"
"1280","-0.12836360931396484","-0.12836360931396484","-0.12836360931396484"
"1281","0.10343456268310547","0.10343456268310547","0.10343456268310547"
"1283","0.4456787109375","0.4456787109375","0.4456787109375"
"1284","0.009153366088867188","0.009153366088867188","0.009153366088867188"
"1285","-0.0753326416015625","-0.0753326416015625","-0.0753326416015625"
"1286","0.14542770385742188","0.14542770385742188","0.14542770385742188"
"1287","0.4326448440551758","0.4326448440551758","0.4326448440551758"
"1288","0.38282203674316406","0.38282203674316406","0.38282203674316406"
"1290","0.026261329650878906","0.026261329650878906","0.026261329650878906"
"1291","0.1282024383544922","0.1282024383544922","0.1282024383544922"
"1292","0.2109365463256836","0.2109365463256836","0.2109365463256836"
"1293","-0.015186309814453125","-0.015186309814453125","-0.015186309814453125"
"1294","0.21001529693603516","0.21001529693603516","0.21001529693603516"
"1295","0.12018585205078125","0.12018585205078125","0.12018585205078125"
"1297","-0.07519054412841797","-0.07519054412841797","-0.07519054412841797"
"1298","-0.4512462615966797","-0.4512462615966797","-0.4512462615966797"
"1299","-0.1284351348876953","-0.1284351348876953","-0.1284351348876953"
"1300","0.14980220794677734","0.14980220794677734","0.14980220794677734"
"1301","0.7074146270751953","0.7074146270751953","0.7074146270751953"
"1302","-0.20139312744140625","-0.20139312744140625","-0.20139312744140625"
"1304","0.1759166717529297","0.1759166717529297","0.1759166717529297"
"1305","0.14822769165039062","0.14822769165039062","0.14822769165039062"
"1306","-0.10826587677001953","-0.10826587677001953","-0.10826587677001953"
"1307","-0.05989360809326172","-0.05989360809326172","-0.05989360809326172"
"1308","1.0077571868896484","1.0077571868896484","1.0077571868896484"
"1309","0.20045852661132812","0.20045852661132812","0.20045852661132812"
"1311","-0.04269695281982422","-0.04269695281982422","-0.04269695281982422"
"1312","-0.29761409759521484","-0.29761409759521484","-0.29761409759521484"
"1313","0.42034244537353516","0.42034244537353516","0.42034244537353516"
"1314","-0.002567291259765625","-0.002567291259765625","-0.002567291259765625"
"1315","0.32052135467529297","0.32052135467529297","0.32052135467529297"
"1316","-0.31752586364746094","-0.31752586364746094","-0.31752586364746094"
"1318","-0.05801105499267578","-0.05801105499267578","-0.05801105499267578"
"1319","-0.10062789916992188","-0.10062789916992188","-0.10062789916992188"
"1320","0.2876129150390625","0.2876129150390625","0.2876129150390625"
"1321","0.5116100311279297","0.5116100311279297","0.5116100311279297"
"1322","0.032837867736816406","0.032837867736816406","0.032837867736816406"
"1323","0.17062759399414062","0.17062759399414062","0.17062759399414062"
"1325","-0.49152183532714844","-0.49152183532714844","-0.49152183532714844"
"1326","-0.14534378051757812","-0.14534378051757812","-0.14534378051757812"
"1327","-0.12885475158691406","-0.12885475158691406","-0.12885475158691406"
"1328","0.14495372772216797","0.14495372772216797","0.14495372772216797"
"1329","-0.018178939819335938","-0.018178939819335938","-0.018178939819335938"
"1330","0.3659095764160156","0.3659095764160156","0.3659095764160156"
"1332","-0.011234283447265625","-0.011234283447265625","-0.011234283447265625"
"1333","-0.001583099365234375","-0.001583099365234375","-0.001583099365234375"
"1334","-0.26560306549072266","-0.26560306549072266","-0.26560306549072266"
"1335","0.049500465393066406","0.049500465393066406","0.049500465393066406"
"1336","-0.059409141540527344","-0.059409141540527344","-0.059409141540527344"
"1337","0.22678661346435547","0.22678661346435547","0.22678661346435547"
"1339","0.3506956100463867","0.3506956100463867","0.3506956100463867"
"1340","0.4930086135864258","0.4930086135864258","0.4930086135864258"
"1341","0.4002513885498047","0.4002513885498047","0.4002513885498047"
"1342","-0.15330982208251953","-0.15330982208251953","-0.15330982208251953"
"1343","0.5094623565673828","0.5094623565673828","0.5094623565673828"
"1344","0.7361974716186523","0.7361974716186523","0.7361974716186523"
"1346","0.10820293426513672","0.10820293426513672","0.10820293426513672"
"1347","0.15670299530029297","0.15670299530029297","0.15670299530029297"
"1348","0.276763916015625","0.276763916015625","0.276763916015625"
"1349","0.6155633926391602","0.6155633926391602","0.6155633926391602"
"1350","0.08062934875488281","0.08062934875488281","0.08062934875488281"
"1351","-0.05627250671386719","-0.05627250671386719","-0.05627250671386719"
"1353","0.2613201141357422","0.2613201141357422","0.2613201141357422"
"1354","0.3343505859375","0.3343505859375","0.3343505859375"
"1355","0.06209850311279297","0.06209850311279297","0.06209850311279297"
"1356","-0.22311687469482422","-0.22311687469482422","-0.22311687469482422"
"1357","-0.27570343017578125","-0.27570343017578125","-0.27570343017578125"
"1358","0.11554145812988281","0.11554145812988281","0.11554145812988281"
"1360","0.1574535369873047","0.1574535369873047","0.1574535369873047"
"1361","0.2556114196777344","0.2556114196777344","0.2556114196777344"
"1362","-0.012915611267089844","-0.012915611267089844","-0.012915611267089844"
"1363","-0.19798564910888672","-0.19798564910888672","-0.19798564910888672"
"1364","0.3359212875366211","0.3359212875366211","0.3359212875366211"
"1365","0.2704334259033203","0.2704334259033203","0.2704334259033203"
"1367","-0.0885457992553711","-0.0885457992553711","-0.0885457992553711"
"1368","0.33428096771240234","0.33428096771240234","0.33428096771240234"
"1369","-0.06338977813720703","-0.06338977813720703","-0.06338977813720703"
"1370","1.588932991027832","1.588932991027832","1.588932991027832"
"1371","-0.05016136169433594","-0.05016136169433594","-0.05016136169433594"
"1372","0.029109954833984375","0.029109954833984375","0.029109954833984375"
"1374","-0.22378826141357422","-0.22378826141357422","-0.22378826141357422"
"1375","0.4626197814941406","0.4626197814941406","0.4626197814941406"
"1376","0.06126117706298828","0.06126117706298828","0.06126117706298828"
"1377","-0.2251443862915039","-0.2251443862915039","-0.2251443862915039"
"1378","-0.0070648193359375","-0.0070648193359375","-0.0070648193359375"
"1379","-0.058971405029296875","-0.058971405029296875","-0.058971405029296875"
"1381","-0.09356498718261719","-0.09356498718261719","-0.09356498718261719"
"1382","0.0711374282836914","0.0711374282836914","0.0711374282836914"
"1383","0.3970804214477539","0.3970804214477539","0.3970804214477539"
"1384","0.5050106048583984","0.5050106048583984","0.5050106048583984"
"1385","0.11228466033935547","0.11228466033935547","0.11228466033935547"
"1386","-0.010626792907714844","-0.010626792907714844","-0.010626792907714844"